{
  "uas":76.926609718,
  "las":71.2776706163,
  "ents_p":51.0257151112,
  "ents_r":47.2318801819,
  "ents_f":49.0555555556,
  "tags_acc":93.4849561715,
  "token_acc":100.0
}